name,latitude,longitude,population,color
Daniel J Coster,37.7244,-122.421,0.9885714286,#E41A1C
Duncan Robert Kerr,37.7107,-122.4372,0.9514285714,#FFFF33
Richard P  Howarth,37.8021,-122.4369,0.9428571429,#4DAF4A
Matthew Dean Rohrbach,37.793,-122.416,0.9857142857,#FF7F00
Eugene Antony Whang,37.8045,-122.4076,0.9171428571,#FF7F00
Daniele De Iuliis,37.7924,-122.4352,0.94,#FF7F00
Rico Zorkendorfer,37.7868,-122.4538,0.8885714286,#FF7F00
Christopher J Stringer,37.8014,-122.4182,0.9771428571,#FF7F00
Peter Russell-Clarke,37.7144,-122.4113,0.6657142857,#999999
Douglas B Satzger,37.7423,-122.4423,0.6114285714,#4DAF4A
Bartley K Andre,37.7378,-122.4316,0.9457142857,#984EA3
Shin Nishibori,37.7584,-122.4654,0.8971428571,#984EA3
Steve Jobs,37.7225,-122.4885,0.46,#984EA3
Calvin Q Seid,37.7239,-122.4439,0.3971428571,#984EA3
Jody Akana,37.7373,-122.4589,0.3314285714,#4DAF4A
Evans Hankey,37.73,-122.3855,0.48,#377EB8
Jeremy Bataillou,37.7399,-122.4169,0.3114285714,#377EB8
Julian Hoenig,37.7399,-122.4169,0.0771428571,#A65628
